<?xml version="1.0" encoding="UTF-8"?>
<!DOCTYPE mapper PUBLIC "-//mybatis.org//DTD Mapper 3.0//EN" "http://mybatis.org/dtd/mybatis-3-mapper.dtd">
<mapper namespace="geektime.spring.springbucks.model.Coffee">
    <resultMap id="BaseResultMap" type="geektime.spring.springbucks.model.Coffee">
        <id column="ID" jdbcType="BIGINT" property="id" />
        <result column="NAME" jdbcType="VARCHAR" property="name" />
        <result column="PRICE" jdbcType="BIGINT" property="price"/>
        <result column="CREATE_TIME" jdbcType="TIMESTAMP" property="createTime" />
        <result column="UPDATE_TIME" jdbcType="TIMESTAMP" property="updateTime" />
    </resultMap>
    <select id="selectList" resultType="geektime.spring.springbucks.model.Coffee">
        select * from T_COFFEE
        order by id desc
        <if test="pageIndex!=null and pageSize!=null">
        LIMIT #{pageIndex},#{pageSize}
        </if>
    </select>
    <select id="selectByName" resultType="geektime.spring.springbucks.model.Coffee">
        select * from T_COFFEE
        where name =#{name};
    </select>
    <insert id="insertCoffee" parameterType="geektime.spring.springbucks.model.Coffee">
        insert into t_coffee (name, price, create_time, update_time) values (#{name}, #{price}, now(), now());
    </insert>
    <update id="updateCoffee" parameterType="geektime.spring.springbucks.model.Coffee">
        update t_coffee set name = #{name},price=#{price},update_time=now();
    </update>
    <delete id="deleteCoffee" parameterType="int">
        delete from t_coffee where name=#{name};
    </delete>
</mapper>